,Rank (Borda),Model,Zero-shot,Active Parameters (B),Total Parameters (B),Embedding Dimensions,Max Tokens,Mean (Task),Mean (TaskType),Bitext Mining,Classification,Clustering,Instruction Reranking,Multilabel Classification,Pair Classification,Reranking,Retrieval,STS
0,1,[KaLM-Embedding-Gemma3-12B-2511](https://huggingface.co/tencent/KaLM-Embedding-Gemma3-12B-2511),73%,10.759,11.766,3840.0,32768.0,72.32,62.51,83.76,77.88,55.77,5.49,33.03,84.73,67.27,75.66,79.02
1,2,[llama-embed-nemotron-8b](https://huggingface.co/nvidia/llama-embed-nemotron-8b),99%,6.98,7.505,4096.0,32768.0,69.46,61.09,81.72,73.21,54.35,10.82,29.86,83.97,67.78,68.69,79.41
2,3,[Qwen3-Embedding-8B](https://huggingface.co/Qwen/Qwen3-Embedding-8B),99%,6.946,7.567,4096.0,32768.0,70.58,61.69,80.89,74.0,57.65,10.06,28.66,86.4,65.63,70.88,81.08
3,4,[gemini-embedding-001](https://ai.google.dev/gemini-api/docs/embeddings),99%,,,3072.0,2048.0,68.37,59.59,79.28,71.82,54.59,5.18,29.16,83.63,65.58,67.71,79.4
4,5,[Qwen3-Embedding-4B](https://huggingface.co/Qwen/Qwen3-Embedding-4B),99%,3.634,4.022,2560.0,32768.0,69.45,60.86,79.36,72.33,57.15,11.56,26.77,85.05,65.08,69.6,80.86
5,6,[Octen-Embedding-8B](https://huggingface.co/bflhc/Octen-Embedding-8B),99%,6.946,7.567,4096.0,32768.0,67.84,60.28,80.35,66.68,55.68,8.9,25.23,85.12,67.64,71.61,81.27
6,7,[F2LLM-v2-14B](https://huggingface.co/codefuse-ai/F2LLM-v2-14B),88%,13.214,13.99,5120.0,40960.0,68.74,59.45,77.15,73.0,60.91,0.62,28.14,81.26,70.49,66.5,76.97
7,8,[F2LLM-v2-8B](https://huggingface.co/codefuse-ai/F2LLM-v2-8B),88%,6.947,7.568,4096.0,40960.0,68.09,58.99,75.96,71.93,60.62,0.85,27.38,81.18,70.34,66.15,76.47
8,9,[Seed1.6-embedding-1215](https://console.volcengine.com/ark/region:ark+cn-beijing/model/detail?Id=doubao-embedding-vision),89%,,,2048.0,32768.0,70.26,61.34,78.68,76.75,56.78,-0.02,46.16,85.5,66.24,66.05,75.92
9,10,[F2LLM-v2-4B](https://huggingface.co/codefuse-ai/F2LLM-v2-4B),88%,3.634,4.022,2560.0,40960.0,67.06,58.25,74.49,70.73,59.53,2.25,26.58,80.51,69.38,64.84,75.91
10,11,[jina-embeddings-v5-text-small](https://huggingface.co/jinaai/jina-embeddings-v5-text-small),⚠️ NA,0.44,0.596,1024.0,32768.0,67.0,58.9,69.71,71.32,53.41,1.35,41.97,82.93,65.66,64.88,78.85
11,12,[F2LLM-v2-1.7B](https://huggingface.co/codefuse-ai/F2LLM-v2-1.7B),88%,1.41,1.721,2048.0,40960.0,65.21,56.78,73.18,67.68,58.77,0.56,26.04,79.87,67.17,61.97,75.77
12,13,[Qwen3-Embedding-0.6B](https://huggingface.co/Qwen/Qwen3-Embedding-0.6B),99%,0.44,0.596,1024.0,32768.0,64.34,56.01,72.23,66.83,52.33,5.09,24.59,80.83,61.41,64.65,76.17
13,14,[jina-embeddings-v5-text-nano](https://huggingface.co/jinaai/jina-embeddings-v5-text-nano),⚠️ NA,0.113,0.212,768.0,8192.0,65.52,57.66,67.7,69.18,52.73,0.05,41.31,81.94,64.63,63.26,78.17
14,15,[gte-Qwen2-7B-instruct](https://huggingface.co/Alibaba-NLP/gte-Qwen2-7B-instruct),⚠️ NA,6.526,7.069,3584.0,32768.0,62.51,55.93,73.92,61.55,52.77,4.94,25.48,85.13,65.55,60.08,73.98
15,16,[Linq-Embed-Mistral](https://huggingface.co/Linq-AI-Research/Linq-Embed-Mistral),99%,6.98,7.111,4096.0,32768.0,61.47,54.14,70.34,62.24,50.6,0.94,24.77,80.43,64.37,58.69,74.86
16,17,[multilingual-e5-large-instruct](https://huggingface.co/intfloat/multilingual-e5-large-instruct),99%,0.304,0.56,1024.0,514.0,63.22,55.08,80.13,64.94,50.75,-0.4,22.91,80.86,62.61,57.12,76.81
17,18,[F2LLM-v2-0.6B](https://huggingface.co/codefuse-ai/F2LLM-v2-0.6B),88%,0.441,0.596,1024.0,40960.0,62.74,55.02,70.31,64.06,56.58,1.39,25.23,78.95,65.14,59.3,74.22
18,19,[BOOM_4B_v1](https://huggingface.co/ICT-TIME-and-Querit/BOOM_4B_v1),97%,3.633,4.022,2560.0,32768.0,63.52,54.81,69.25,66.94,52.8,-0.55,25.41,80.92,61.88,62.21,74.4
19,20,[embeddinggemma-300m](https://ai.google.dev/gemma/docs/embeddinggemma/model_card),99%,0.106,0.308,768.0,2048.0,61.15,54.31,64.4,60.9,51.17,5.61,24.82,81.4,63.25,62.49,74.73
20,21,[SFR-Embedding-Mistral](https://huggingface.co/Salesforce/SFR-Embedding-Mistral),96%,6.98,7.111,4096.0,32768.0,60.9,53.92,70.0,60.02,51.84,0.16,24.55,80.29,64.19,59.44,74.79
21,22,[text-multilingual-embedding-002](https://cloud.google.com/vertex-ai/generative-ai/docs/embeddings/get-text-embeddings),99%,,,768.0,2048.0,62.16,54.25,70.73,64.64,47.84,4.08,22.8,81.14,61.22,59.68,76.11
22,23,[GritLM-7B](https://huggingface.co/GritLM/GritLM-7B),99%,7.109,7.24,4096.0,32768.0,60.92,53.74,70.53,61.83,49.75,3.45,22.77,79.94,63.78,58.31,73.33
23,24,[GritLM-8x7B](https://huggingface.co/GritLM/GritLM-8x7B),99%,13.0,57.92,32768.0,32768.0,60.49,53.31,68.17,61.55,50.16,2.44,24.43,79.73,62.61,57.54,73.16
24,25,[e5-mistral-7b-instruct](https://huggingface.co/intfloat/e5-mistral-7b-instruct),99%,6.98,7.111,4096.0,32768.0,60.25,53.08,70.58,60.31,50.57,-0.62,22.2,81.12,63.82,55.75,74.02
25,26,[Cohere-embed-multilingual-v3.0](https://cohere.com/blog/introducing-embed-v3),⚠️ NA,,,512.0,,61.13,53.25,70.51,62.95,46.96,-1.89,22.74,79.88,64.07,59.22,74.8
26,27,[gte-Qwen2-1.5B-instruct](https://huggingface.co/Alibaba-NLP/gte-Qwen2-1.5B-instruct),⚠️ NA,1.31,1.543,8960.0,32768.0,59.45,52.69,62.51,58.32,52.05,0.74,24.02,81.58,62.58,60.78,71.61
27,28,[bilingual-embedding-large](https://huggingface.co/Lajavaness/bilingual-embedding-large),98%,0.304,0.56,1024.0,514.0,60.96,52.92,73.55,62.77,46.49,-3.04,22.36,79.83,61.42,55.1,77.81
28,29,[SFR-Embedding-2_R](https://huggingface.co/Salesforce/SFR-Embedding-2_R),96%,6.98,7.111,4096.0,32768.0,59.8,52.83,68.84,59.01,53.65,-1.8,25.19,78.58,63.04,57.93,71.04
29,30,[F2LLM-v2-330M](https://huggingface.co/codefuse-ai/F2LLM-v2-330M),88%,0.198,0.334,896.0,40960.0,60.84,53.27,69.8,61.69,54.69,-1.65,24.56,77.79,63.35,56.5,72.73
30,31,[gte-Qwen1.5-7B-instruct](https://huggingface.co/Alibaba-NLP/gte-Qwen1.5-7B-instruct),⚠️ NA,6.477,7.099,4096.0,32768.0,,52.47,60.8,58.24,52.26,5.36,23.45,84.57,58.69,57.77,71.05
31,32,[text-embedding-3-large](https://openai.com/index/new-embedding-models-and-api-updates/),⚠️ NA,,,3072.0,8191.0,,51.16,62.15,60.27,47.05,-2.68,22.03,76.73,63.89,59.32,71.68
32,33,[stella_en_1.5B_v5](https://huggingface.co/NovaSearch/stella_en_1.5B_v5),90%,1.307,1.54,8960.0,131072.0,56.53,49.96,58.56,56.69,49.71,0.21,21.84,78.47,61.37,52.84,69.91
33,34,[jasper_en_vision_language_v1](https://huggingface.co/infgrad/jasper_en_vision_language_v1),90%,1.332,1.565,8960.0,131072.0,,51.52,60.63,59.21,53.63,0.26,22.66,80.93,59.75,55.12,71.5
34,35,[NV-Embed-v2](https://huggingface.co/nvidia/NV-Embed-v2),90%,7.719,7.85,4096.0,32768.0,56.29,49.58,57.84,57.29,40.8,1.04,18.63,78.94,63.82,56.72,71.1
35,36,[Solon-embeddings-large-0.1](https://huggingface.co/OrdalieTech/Solon-embeddings-large-0.1),⚠️ NA,0.304,0.56,1024.0,514.0,59.63,52.01,76.1,60.84,43.86,-3.48,21.4,78.72,62.02,55.69,72.98
36,37,[voyage-3.5](https://blog.voyageai.com/2025/05/20/voyage-3-5/),100%,,,1024.0,32000.0,58.46,51.91,60.52,58.54,45.87,6.5,21.7,75.97,64.16,64.01,69.97
37,38,[jina-embeddings-v3](https://huggingface.co/jinaai/jina-embeddings-v3),99%,0.316,0.572,1024.0,8194.0,58.37,50.66,65.25,58.77,45.65,-1.34,18.38,79.27,57.09,55.76,77.13
38,39,[bge-m3](https://huggingface.co/BAAI/bge-m3),98%,0.312,0.568,1024.0,8194.0,59.56,52.18,79.11,60.35,40.88,-3.11,20.1,80.76,62.79,54.6,74.12
39,40,[multilingual-e5-large](https://huggingface.co/intfloat/multilingual-e5-large),99%,0.304,0.56,1024.0,514.0,58.62,51.42,73.81,59.43,42.69,-3.05,21.13,78.87,62.86,53.71,73.3
40,41,[KaLM-embedding-multilingual-mini-v1](https://huggingface.co/HIT-TMG/KaLM-embedding-multilingual-mini-v1),92%,0.358,0.494,896.0,512.0,57.05,50.05,64.77,57.57,45.61,-1.5,20.67,77.7,60.59,54.17,70.84
41,42,[gte-multilingual-base](https://huggingface.co/Alibaba-NLP/gte-multilingual-base),99%,0.113,0.305,768.0,8192.0,58.34,51.5,71.79,57.23,44.23,-0.74,19.78,80.49,60.68,57.16,72.85
42,43,[bilingual-embedding-base](https://huggingface.co/Lajavaness/bilingual-embedding-base),98%,0.086,0.278,768.0,514.0,58.23,50.61,69.98,59.36,44.68,-3.84,20.68,77.44,59.41,52.96,74.84
43,44,[KaLM-embedding-multilingual-mini-instruct-v1](https://huggingface.co/HIT-TMG/KaLM-embedding-multilingual-mini-instruct-v1),92%,0.358,0.494,896.0,512.0,56.35,49.28,64.22,57.38,45.89,-2.6,21.62,77.47,58.17,50.84,70.54
44,45,[NV-Embed-v1](https://huggingface.co/nvidia/NV-Embed-v1),90%,7.719,7.85,4096.0,32768.0,54.88,48.33,48.9,57.04,42.86,3.02,18.95,76.19,64.29,53.98,69.77
45,46,[bge-m3-custom-fr](https://huggingface.co/manu/bge-m3-custom-fr),98%,0.312,0.568,1024.0,8194.0,57.86,50.57,72.16,58.73,40.35,-2.5,19.56,78.51,60.37,53.26,74.69
46,47,[Cohere-embed-multilingual-light-v3.0](https://cohere.com/blog/introducing-embed-v3),⚠️ NA,,,384.0,512.0,57.58,50.28,65.03,58.51,44.79,-2.45,20.09,77.0,61.98,55.79,71.8
47,48,[F2LLM-v2-160M](https://huggingface.co/codefuse-ai/F2LLM-v2-160M),88%,0.062,0.159,640.0,40960.0,57.98,50.61,65.59,58.86,50.83,-3.39,23.05,76.02,60.34,54.08,70.1
48,49,[bilingual-embedding-small](https://huggingface.co/Lajavaness/bilingual-embedding-small),98%,0.022,0.118,384.0,512.0,57.01,49.69,69.48,58.06,43.78,-3.36,19.17,77.07,59.31,49.55,74.14
49,50,[snowflake-arctic-embed-l-v2.0](https://huggingface.co/Snowflake/snowflake-arctic-embed-l-v2.0),99%,0.312,0.568,1024.0,8192.0,57.03,49.95,64.08,57.39,42.76,-2.47,18.94,76.71,63.67,58.36,70.11
50,51,[zembed-1](https://huggingface.co/zeroentropy/zembed-1),⚠️ NA,3.634,4.022,2560.0,32768.0,56.58,49.96,57.9,58.11,41.78,4.66,18.81,75.79,65.87,63.35,63.39
51,52,[text-embedding-3-small](https://openai.com/index/new-embedding-models-and-api-updates/),⚠️ NA,,,1536.0,8191.0,,46.85,50.38,55.22,46.07,-2.38,19.92,73.6,58.78,50.69,69.42
52,53,[multilingual-e5-base](https://huggingface.co/intfloat/multilingual-e5-base),99%,0.086,0.278,768.0,514.0,57.02,49.83,69.44,58.21,41.82,-2.65,20.16,77.15,60.18,52.72,71.44
53,54,[voyage-3-lite](https://blog.voyageai.com/2024/09/18/voyage-3/),100%,,,512.0,32000.0,,49.76,60.12,57.93,44.82,-1.17,23.97,75.07,60.29,58.6,68.2
54,55,[multilingual-e5-small](https://huggingface.co/intfloat/multilingual-e5-small),99%,0.022,0.118,384.0,512.0,56.33,49.43,69.4,56.97,41.3,-2.45,19.29,77.28,60.43,50.91,71.74
55,56,[voyage-3](https://blog.voyageai.com/2024/09/18/voyage-3/),100%,,,1024.0,32000.0,,51.25,60.03,57.66,44.98,1.35,23.02,76.18,63.36,66.18,68.52
56,57,[F2LLM-v2-80M](https://huggingface.co/codefuse-ai/F2LLM-v2-80M),88%,0.032,0.08,320.0,40960.0,55.23,48.62,61.86,55.54,47.66,-1.62,21.5,74.98,58.95,50.13,68.55
57,58,[USER-bge-m3](https://huggingface.co/deepvk/USER-base),97%,0.312,0.359,1024.0,8194.0,51.64,45.28,63.38,53.19,40.05,-2.65,18.6,80.58,51.53,43.3,59.53
58,59,[snowflake-arctic-embed-m-v2.0](https://huggingface.co/Snowflake/snowflake-arctic-embed-m-v2.0),99%,0.113,0.305,768.0,8192.0,53.7,46.89,53.73,54.38,42.24,-3.34,17.04,74.86,61.67,54.83,66.6
59,60,[Arabic-labse-Matryoshka](https://huggingface.co/Omartificial-Intelligence-Space/Arabic-labse-Matryoshka),⚠️ NA,0.086,0.471,768.0,512.0,53.65,47.18,70.33,55.08,39.59,-1.77,19.95,80.8,51.59,36.98,72.09
60,61,[Cohere-embed-english-v3.0](https://cohere.com/blog/introducing-embed-v3),⚠️ NA,,,1024.0,512.0,48.13,41.77,31.39,50.31,42.32,-0.17,17.19,74.07,50.68,45.41,64.72
61,62,[granite-embedding-278m-multilingual](https://huggingface.co/ibm-granite/granite-embedding-278m-multilingual),96%,0.086,0.278,768.0,512.0,53.74,47.22,58.48,54.09,41.41,-1.77,17.67,75.71,59.89,52.2,67.27
62,63,[arabic-english-sts-matryoshka](https://huggingface.co/omarelshehy/arabic-english-sts-matryoshka),⚠️ NA,0.304,0.56,1024.0,514.0,52.62,45.92,60.89,56.67,40.22,1.38,19.32,83.35,48.31,31.72,71.4
63,64,[stella_en_400M_v5](https://huggingface.co/NovaSearch/stella_en_400M_v5),90%,,0.435,4096.0,8192.0,48.32,42.11,39.24,49.2,46.2,-0.7,18.22,74.51,46.49,42.58,63.23
64,65,[paraphrase-multilingual-mpnet-base-v2](https://huggingface.co/sentence-transformers/paraphrase-multilingual-mpnet-base-v2),100%,0.086,0.278,768.0,512.0,51.98,45.17,52.06,55.06,40.19,-1.14,16.4,81.15,53.37,39.76,69.66
65,66,[Arabic-all-nli-triplet-Matryoshka](https://huggingface.co/Omartificial-Intelligence-Space/Arabic-all-nli-triplet-Matryoshka),100%,0.086,0.278,768.0,514.0,52.0,45.32,55.9,54.64,38.25,-1.05,14.99,81.16,54.27,38.47,71.29
66,67,[speed-embedding-7b-instruct](https://huggingface.co/Haon-Chen/speed-embedding-7b-instruct),⚠️ NA,6.98,7.111,,32768.0,,40.44,19.54,57.32,41.71,-0.09,21.81,74.82,48.85,34.53,65.49
67,68,[LaBSE](https://huggingface.co/sentence-transformers/LaBSE),100%,0.086,0.471,768.0,512.0,52.07,45.65,76.35,54.6,38.08,-3.0,20.12,75.97,50.2,33.17,65.35
68,69,[UAE-Large-V1](https://huggingface.co/WhereIsAI/UAE-Large-V1),100%,0.304,0.335,1024.0,512.0,46.09,39.61,26.84,49.66,41.87,-2.14,17.17,72.82,48.35,41.21,60.75
69,70,[mxbai-embed-large-v1](https://huggingface.co/mixedbread-ai/mxbai-embed-large-v1),100%,0.304,0.335,1024.0,512.0,45.91,39.45,25.74,49.74,42.49,-1.95,18.1,72.56,47.6,40.3,60.46
70,71,[granite-embedding-107m-multilingual](https://huggingface.co/ibm-granite/granite-embedding-107m-multilingual),96%,0.011,0.107,384.0,512.0,51.81,45.47,54.08,52.57,40.38,-2.96,17.33,75.29,58.48,48.08,65.98
71,72,[e5-large-v2](https://huggingface.co/intfloat/e5-large-v2),100%,0.304,0.335,1024.0,514.0,46.64,40.32,33.8,49.8,39.79,-0.99,15.85,73.92,48.76,40.06,61.87
72,73,[GIST-large-Embedding-v0](https://huggingface.co/avsolatorio/GIST-large-Embedding-v0),96%,0.304,0.335,1024.0,512.0,45.75,39.51,25.64,48.18,42.39,-1.81,17.54,72.28,47.08,40.41,63.92
73,74,[nomic-embed-text-v1](https://huggingface.co/nomic-ai/nomic-embed-text-v1),96%,,0.137,768.0,8192.0,45.68,39.12,28.37,49.39,40.81,-3.25,17.8,71.66,46.01,37.05,64.25
74,75,[mmlw-e5-large](https://huggingface.co/sdadas/mmlw-e5-large),99%,0.304,0.56,1024.0,514.0,45.4,37.95,26.86,52.05,42.92,-3.39,17.08,73.41,39.82,33.33,59.49
75,76,[nomic-embed-text-v1-ablated](https://huggingface.co/nomic-ai/nomic-embed-text-v1-ablated),96%,,0.137,768.0,8192.0,45.92,39.19,28.6,49.24,40.42,-3.75,17.36,72.07,45.04,40.74,62.99
76,77,[bge-large-en-v1.5](https://huggingface.co/BAAI/bge-large-en-v1.5),99%,0.304,0.335,1024.0,512.0,45.08,39.06,26.65,48.02,41.42,-2.29,17.67,72.04,48.84,39.0,60.14
77,78,[e5-base-v2](https://huggingface.co/intfloat/e5-base-v2),100%,0.086,0.109,768.0,512.0,45.98,39.33,30.95,49.46,40.1,-3.94,16.06,72.63,47.5,40.49,60.73
78,79,[STS-multilingual-mpnet-base-v2](https://huggingface.co/Gameselo/STS-multilingual-mpnet-base-v2),83%,0.086,0.278,768.0,514.0,48.52,42.38,47.63,51.02,32.38,-1.96,16.63,78.71,50.01,34.66,72.37
79,80,[e5-large](https://huggingface.co/intfloat/e5-large),100%,0.304,0.335,1024.0,512.0,45.59,39.2,30.56,48.16,40.62,-2.33,16.31,73.48,44.19,38.5,63.32
80,81,[Arabic-MiniLM-L12-v2-all-nli-triplet](https://huggingface.co/Omartificial-Intelligence-Space/Arabic-MiniLM-L12-v2-all-nli-triplet),100%,0.022,0.118,384.0,512.0,49.69,43.12,48.68,53.1,37.63,-1.19,14.91,79.57,51.13,35.06,69.24
81,82,[Cohere-embed-english-light-v3.0](https://cohere.com/blog/introducing-embed-v3),⚠️ NA,,,384.0,512.0,45.85,39.48,26.1,48.89,40.4,-1.39,16.42,72.04,48.03,41.78,63.02
82,83,[paraphrase-multilingual-MiniLM-L12-v2](https://huggingface.co/sentence-transformers/paraphrase-multilingual-MiniLM-L12-v2),100%,0.022,0.118,384.0,512.0,48.73,42.37,44.56,51.66,38.33,-1.31,14.93,78.99,50.97,36.61,66.58
83,84,[gte-large](https://huggingface.co/thenlper/gte-large),⚠️ NA,0.304,0.335,1024.0,512.0,45.21,39.35,26.23,47.61,41.39,-1.29,17.91,71.74,48.87,38.23,63.47
84,85,[GIST-Embedding-v0](https://huggingface.co/avsolatorio/GIST-Embedding-v0),96%,0.086,0.109,768.0,512.0,45.0,38.56,24.38,47.88,42.26,-3.35,16.71,71.7,45.64,38.45,63.41
85,86,[nomic-embed-text-v1-unsupervised](https://huggingface.co/nomic-ai/nomic-embed-text-v1-unsupervised),96%,,0.137,768.0,8192.0,45.6,39.19,27.41,49.0,39.1,-2.15,16.38,71.7,48.18,40.66,62.43
86,87,[stella-base-en-v2](https://huggingface.co/infgrad/stella-base-en-v2),⚠️ NA,0.086,0.109,,512.0,44.67,38.0,25.09,48.64,41.51,-3.27,15.82,71.74,43.86,35.28,63.31
87,88,[NoInstruct-small-Embedding-v0](https://huggingface.co/avsolatorio/NoInstruct-small-Embedding-v0),⚠️ NA,0.022,0.033,384.0,512.0,44.9,38.16,23.12,49.21,40.87,-2.53,16.9,71.73,43.59,37.81,62.7
88,89,[e5-base-4k](https://huggingface.co/dwzhu/e5-base-4k),100%,0.089,0.112,,4096.0,45.04,38.05,27.86,50.17,38.09,-2.92,15.71,72.93,42.47,36.78,61.38
89,90,[mmlw-e5-base](https://huggingface.co/sdadas/mmlw-e5-base),99%,0.086,0.278,768.0,514.0,44.15,36.37,23.55,52.28,42.16,-3.32,16.01,72.39,36.07,30.79,57.37
90,91,[bge-base-en-v1.5](https://huggingface.co/BAAI/bge-base-en-v1.5),99%,0.086,0.109,768.0,512.0,44.52,38.14,23.67,47.99,41.41,-3.98,16.37,71.69,47.57,38.61,59.97
91,92,[GIST-small-Embedding-v0](https://huggingface.co/avsolatorio/GIST-small-Embedding-v0),96%,0.022,0.033,384.0,512.0,44.21,37.8,23.36,47.57,40.47,-2.75,16.79,71.54,43.25,37.22,62.71
92,93,[mmlw-roberta-large](https://huggingface.co/sdadas/mmlw-roberta-large),100%,0.304,0.435,1024.0,514.0,42.52,35.71,25.25,48.39,41.06,-3.58,16.8,73.86,35.94,31.75,51.93
93,94,[embedder-100p](https://huggingface.co/deepfile/embedder-100p),⚠️ NA,0.086,0.278,768.0,514.0,44.72,37.42,26.73,50.58,41.72,-2.76,15.5,73.08,38.13,32.9,60.89
94,95,[nomic-embed-text-v1.5](https://huggingface.co/nomic-ai/nomic-embed-text-v1.5),96%,,0.137,768.0,8192.0,44.1,37.84,27.09,48.51,39.74,-1.85,16.79,71.9,44.84,34.09,59.45
95,96,[text2vec-base-multilingual](https://huggingface.co/shibing624/text2vec-base-chinese-paraphrase),100%,0.022,0.118,384.0,256.0,45.87,39.48,39.5,49.83,35.33,-3.97,14.22,77.8,46.33,26.99,69.32
96,97,[gte-base](https://huggingface.co/thenlper/gte-base),⚠️ NA,0.086,0.109,768.0,512.0,44.4,38.32,25.3,47.19,41.45,-2.45,16.15,71.37,46.94,35.86,63.09
97,98,[potion-multilingual-128M](https://huggingface.co/minishlab/potion-multilingual-128M),97%,0.0,0.128,256.0,,47.23,40.27,40.72,52.36,37.63,-2.08,15.95,71.39,47.39,37.86,61.23
98,99,[e5-base](https://huggingface.co/intfloat/e5-base),100%,0.086,0.109,768.0,512.0,44.55,37.95,29.55,47.77,38.69,-3.49,16.14,71.82,41.49,37.69,61.94
99,100,[e5-small-v2](https://huggingface.co/intfloat/e5-small-v2),100%,0.021,0.033,384.0,512.0,44.47,37.97,28.04,48.07,37.53,-2.85,15.14,72.13,44.44,39.38,59.87
100,101,[static-similarity-mrl-multilingual-v1](https://huggingface.co/sentence-transformers/static-similarity-mrl-multilingual-v1),99%,0.0,0.108,1024.0,,47.24,41.38,50.62,48.6,30.67,-1.24,14.74,74.34,49.45,41.21,64.02
101,102,[sentence_croissant_alpha_v0.3](https://huggingface.co/manu/sentence_croissant_alpha_v0.3),97%,1.214,1.28,2048.0,2048.0,45.65,39.57,31.88,49.58,38.86,-1.19,15.65,72.97,51.45,37.27,59.68
102,103,[bge-small-en-v1.5](https://huggingface.co/BAAI/bge-small-en-v1.5),99%,0.022,0.033,512.0,512.0,43.76,37.72,23.63,47.37,39.93,-1.86,17.01,71.56,45.89,36.26,59.73
103,104,[gte-small](https://huggingface.co/thenlper/gte-small),⚠️ NA,0.022,0.033,384.0,512.0,44.1,38.02,23.94,47.28,40.28,-1.57,16.27,71.44,45.77,35.99,62.77
104,105,[MedEmbed-small-v0.1](https://huggingface.co/abhinand/MedEmbed-small-v0.1),97%,0.022,0.033,384.0,512.0,43.34,37.27,22.96,47.34,40.23,-1.68,16.74,71.33,45.01,35.16,58.33
105,106,[sentence_croissant_alpha_v0.4](https://huggingface.co/manu/sentence_croissant_alpha_v0.4),97%,1.214,1.28,2048.0,2048.0,45.4,39.47,30.26,49.25,39.77,-0.08,16.06,72.54,51.37,38.35,57.75
106,107,[mmlw-e5-small](https://huggingface.co/sdadas/mmlw-e5-small),99%,0.022,0.118,384.0,512.0,43.11,35.57,21.19,50.72,40.94,-4.4,16.59,73.71,34.88,31.05,55.46
107,108,[granite-embedding-125m-english](https://huggingface.co/ibm-granite/granite-embedding-125m-english),96%,0.086,0.125,768.0,512.0,44.04,38.09,26.56,46.98,40.38,-1.29,16.84,70.97,45.99,39.26,57.08
108,109,[sentence_croissant_alpha_v0.2](https://huggingface.co/manu/sentence_croissant_alpha_v0.2),97%,1.214,1.28,2048.0,2048.0,45.44,39.34,32.22,49.88,39.81,-0.35,15.32,72.25,50.93,36.48,57.48
109,110,[LLM2Vec-Mistral-7B-Instruct-v2-mntp-supervised](https://huggingface.co/McGill-NLP/LLM2Vec-Mistral-7B-Instruct-v2-mntp-supervised),98%,7.022,7.153,4096.0,32768.0,,,,57.24,41.26,-0.85,39.28,76.8,55.46,43.07,67.87
110,111,[e5-small](https://huggingface.co/intfloat/e5-small),100%,0.021,0.033,384.0,512.0,43.46,37.18,28.07,46.57,36.3,-1.45,15.22,72.96,39.3,36.25,61.37
111,112,[mmlw-roberta-base](https://huggingface.co/sdadas/mmlw-roberta-base),100%,0.086,0.124,768.0,514.0,41.51,34.71,23.4,47.44,40.17,-3.44,15.03,73.24,34.44,30.39,51.69
112,113,[snowflake-arctic-embed-l](https://huggingface.co/Snowflake/snowflake-arctic-embed-l),100%,0.304,0.335,1024.0,512.0,43.33,37.16,22.56,47.11,39.05,-1.49,16.02,71.58,44.27,39.66,55.64
113,114,[voyage-multilingual-2](https://blog.voyageai.com/2024/06/10/voyage-multilingual-2-multilingual-embedding-model/),100%,,,1024.0,32000.0,,,64.5,59.53,43.86,,23.66,75.8,76.68,58.23,68.58
114,115,[Ivysaur](https://huggingface.co/Mihaiii/Ivysaur),⚠️ NA,0.011,0.023,384.0,512.0,43.54,37.07,22.85,48.44,37.56,-2.22,15.63,71.53,44.07,34.42,61.32
115,116,[sgpt-bloom-7b1-msmarco](https://huggingface.co/bigscience/sgpt-bloom-7b1-msmarco),⚠️ NA,6.041,7.068,4096.0,,44.58,37.01,29.88,53.07,31.79,-3.02,13.26,72.35,43.5,35.27,57.04
116,117,[snowflake-arctic-embed-m-long](https://huggingface.co/Snowflake/snowflake-arctic-embed-m-long),96%,,0.137,768.0,2048.0,43.23,36.88,22.76,47.07,38.19,-1.89,16.32,71.67,41.66,39.3,56.87
117,118,[GIST-all-MiniLM-L6-v2](https://huggingface.co/avsolatorio/GIST-all-MiniLM-L6-v2),96%,0.011,0.023,384.0,512.0,42.7,36.47,22.75,46.49,38.34,-1.94,15.05,71.31,41.45,33.3,61.52
118,119,[all-mpnet-base-v2](https://huggingface.co/sentence-transformers/all-mpnet-base-v2),100%,0.086,0.109,768.0,384.0,42.62,36.42,21.19,46.83,40.74,-3.08,16.28,70.69,43.76,33.8,57.6
119,120,[LaBSE-ru-turbo](https://huggingface.co/sergeyzh/LaBSE-ru-turbo),100%,0.087,0.129,768.0,512.0,44.19,38.75,53.59,46.78,36.33,-3.52,17.9,74.25,42.81,28.51,52.06
120,121,[snowflake-arctic-embed-m](https://huggingface.co/Snowflake/snowflake-arctic-embed-m),100%,0.086,0.109,768.0,512.0,42.84,36.45,22.04,46.9,38.37,-2.34,14.85,70.88,42.76,39.33,55.25
121,122,[all-MiniLM-L12-v2](https://huggingface.co/sentence-transformers/all-MiniLM-L12-v2),100%,0.022,0.033,384.0,256.0,42.28,36.39,22.91,46.74,36.67,-0.75,14.59,71.43,45.33,33.37,57.2
122,123,[snowflake-arctic-embed-s](https://huggingface.co/Snowflake/snowflake-arctic-embed-s),100%,0.022,0.033,384.0,512.0,42.85,36.33,22.78,46.33,36.67,-3.09,14.84,71.53,40.03,39.84,58.08
123,124,[gte-micro-v4](https://huggingface.co/Mihaiii/gte-micro-v4),⚠️ NA,0.007,0.019,384.0,512.0,41.53,34.66,20.46,47.97,35.89,-3.83,14.69,71.73,37.48,30.54,57.01
124,125,[snowflake-arctic-embed-m-v1.5](https://huggingface.co/Snowflake/snowflake-arctic-embed-m-v1.5),100%,0.086,0.109,768.0,512.0,41.99,35.56,20.11,46.99,37.53,-3.42,15.78,70.47,42.37,38.69,51.51
125,126,[Bulbasaur](https://huggingface.co/Mihaiii/Bulbasaur),⚠️ NA,0.006,0.017,384.0,512.0,41.71,35.01,20.45,47.83,35.06,-3.22,14.37,71.94,39.06,29.88,59.72
126,127,[LaBSE-en-ru](https://huggingface.co/cointegrated/LaBSE-en-ru),100%,0.087,0.129,768.0,512.0,42.83,37.77,59.29,45.54,35.29,-3.69,18.81,72.27,40.87,24.79,46.77
127,128,[granite-embedding-30m-english](https://huggingface.co/ibm-granite/granite-embedding-30m-english),96%,0.011,0.03,384.0,512.0,42.48,36.3,25.26,46.28,38.27,-2.75,15.39,70.26,42.53,36.43,55.06
128,129,[gemma-2b-embeddings](https://huggingface.co/Jaume/gemma-2b-embeddings),100%,1.982,2.506,2048.0,8192.0,37.27,29.58,4.23,54.57,39.15,0.74,16.21,67.8,33.66,13.05,36.78
129,130,[voyage-large-2-instruct](https://blog.voyageai.com/2024/05/05/voyage-large-2-instruct-instruction-tuned-and-rank-1-on-mteb/),100%,,,1024.0,16000.0,,,46.84,57.71,44.36,,23.03,77.82,69.76,54.22,70.13
130,131,[slx-v0.1](https://huggingface.co/brahmairesearch/slx-v0.1),⚠️ NA,0.011,0.023,384.0,512.0,41.41,35.16,20.09,46.12,37.89,-2.84,15.05,71.23,40.28,32.51,56.08
131,132,[all-MiniLM-L6-v2](https://huggingface.co/sentence-transformers/all-MiniLM-L6-v2),100%,0.011,0.023,384.0,256.0,41.39,35.12,20.09,46.2,37.47,-2.84,15.05,71.23,40.28,32.51,56.08
132,133,[USER-base](https://huggingface.co/deepvk/USER-base),98%,0.388,0.427,768.0,512.0,42.18,36.95,44.81,45.67,32.97,-1.96,17.55,74.07,40.97,27.22,51.24
133,134,[Wartortle](https://huggingface.co/Mihaiii/Wartortle),99%,0.006,0.017,384.0,512.0,40.82,34.59,19.75,46.55,34.59,-1.54,14.01,71.23,39.59,27.21,59.97
134,135,[ru-en-RoSBERTa](https://huggingface.co/ai-forever/ru-en-RoSBERTa),98%,0.303,0.404,1024.0,512.0,41.57,35.68,22.34,46.78,35.92,-3.53,16.95,71.46,45.58,32.68,52.97
135,136,[udever-bloom-1b1](https://huggingface.co/izhx/udever-bloom-1b1),100%,0.68,1.065,,,,36.44,20.47,55.47,34.2,-1.1,18.21,72.83,37.02,31.56,59.33
136,137,[Euler-Legal-Embedding-V1](https://huggingface.co/Mira190/Euler-Legal-Embedding-V1),99%,6.946,7.567,4096.0,1536.0,,58.82,82.44,63.52,47.78,7.4,22.15,83.56,79.86,63.33,79.3
137,138,[jina-embedding-b-en-v1](https://huggingface.co/jinaai/jina-embedding-b-en-v1),100%,0.085,0.11,768.0,512.0,40.91,35.38,26.33,42.58,33.84,-4.32,14.84,71.63,41.65,37.96,53.92
138,139,[udever-bloom-7b1](https://huggingface.co/izhx/udever-bloom-7b1),100%,,,,,,37.27,18.6,55.47,33.87,-1.32,16.79,73.3,44.91,32.44,61.39
139,140,[Venusaur](https://huggingface.co/Mihaiii/Venusaur),⚠️ NA,0.004,0.016,384.0,512.0,39.95,33.48,19.16,47.66,32.15,-1.47,13.52,71.27,38.31,25.64,55.11
140,141,[udever-bloom-3b](https://huggingface.co/izhx/udever-bloom-3b),100%,2.36,3.003,,,,35.37,13.79,54.99,33.24,-0.75,18.89,72.9,35.72,29.61,59.92
141,142,[snowflake-arctic-embed-xs](https://huggingface.co/Snowflake/snowflake-arctic-embed-xs),100%,0.011,0.023,384.0,512.0,41.13,34.89,20.12,45.21,35.34,-2.36,13.35,71.04,39.69,35.23,56.43
142,143,[gte-micro](https://huggingface.co/Mihaiii/gte-micro),⚠️ NA,0.006,0.017,384.0,512.0,39.42,33.19,19.37,45.34,34.48,-1.8,13.49,71.39,35.22,26.16,55.08
143,144,[German_Semantic_STS_V2](https://huggingface.co/aari1995/German_Semantic_STS_V2),⚠️ NA,0.304,0.336,1024.0,512.0,38.33,32.42,22.88,44.16,33.23,-2.51,15.67,71.67,31.65,21.8,53.26
144,145,[Squirtle](https://huggingface.co/Mihaiii/Squirtle),99%,0.004,0.016,384.0,512.0,39.69,33.61,18.08,45.89,33.66,-1.67,13.82,70.53,39.17,24.85,58.16
145,146,[potion-base-8M](https://huggingface.co/minishlab/potion-base-8M),99%,0.0,0.008,256.0,,38.56,32.76,16.11,44.5,32.39,0.24,11.63,71.08,39.08,28.63,51.2
146,147,[LLM2Vec-Mistral-7B-Instruct-v2-mntp-unsup-simcse](https://huggingface.co/McGill-NLP/LLM2Vec-Mistral-7B-Instruct-v2-mntp-unsup-simcse),100%,7.022,7.153,4096.0,32768.0,,,,54.67,38.21,-1.09,36.46,72.41,44.12,30.57,58.87
147,148,[rubert-tiny-turbo](https://huggingface.co/sergeyzh/rubert-tiny-turbo),99%,0.003,0.029,312.0,2048.0,38.77,34.27,42.63,41.8,29.26,-2.28,15.89,73.2,38.92,21.26,47.79
148,149,[jina-embedding-s-en-v1](https://huggingface.co/jinaai/jina-embedding-s-en-v1),100%,0.019,0.035,512.0,512.0,38.84,33.61,24.8,40.59,30.42,-3.22,12.4,71.52,39.16,34.7,52.16
149,150,[M2V_base_glove_subword](https://huggingface.co/minishlab/M2V_base_glove_subword),99%,0.0,0.103,256.0,,37.71,31.9,14.98,45.52,31.11,0.95,12.13,70.92,38.53,24.12,48.81
150,151,[M2V_base_output](https://huggingface.co/minishlab/M2V_base_output),99%,0.0,0.008,256.0,,37.23,31.38,14.51,44.97,29.12,-0.13,11.53,70.97,38.11,24.74,48.58
151,152,[potion-base-4M](https://huggingface.co/minishlab/potion-base-4M),99%,0.0,0.004,128.0,,37.82,32.22,14.59,43.71,32.21,0.61,11.69,70.8,38.54,27.23,50.57
152,153,[jina-embeddings-v2-small-en](https://huggingface.co/jinaai/jina-embeddings-v2-small-en),100%,0.017,0.033,512.0,8192.0,35.22,29.11,12.61,43.81,27.31,-0.75,11.87,70.76,27.61,13.45,55.34
153,154,[rubert-base-cased-sentence](https://huggingface.co/DeepPavlov/rubert-base-cased-sentence),100%,0.015,0.107,768.0,512.0,34.37,29.3,16.49,43.38,29.97,0.26,13.7,70.45,35.13,9.16,45.19
154,155,[rubert-tiny2](https://huggingface.co/cointegrated/rubert-tiny2),99%,0.003,0.029,312.0,2048.0,34.81,30.2,22.65,41.17,29.16,-0.09,15.27,69.6,34.58,14.35,45.13
155,156,[M2V_base_glove](https://huggingface.co/minishlab/M2V_base_glove),99%,0.0,0.102,256.0,,35.23,29.42,14.07,42.55,30.25,-0.41,14.04,70.45,27.44,24.38,41.96
156,157,[rubert-tiny](https://huggingface.co/cointegrated/rubert-tiny),99%,0.003,0.012,312.0,512.0,33.85,28.37,17.08,43.85,28.74,-0.89,13.86,67.0,33.18,12.09,40.44
157,158,[rubert-base-cased](https://huggingface.co/DeepPavlov/rubert-base-cased),98%,1.188,1.28,768.0,512.0,32.0,26.37,14.44,44.87,30.02,0.8,12.83,62.58,32.43,7.97,31.37
158,159,[silma-embeddding-matryoshka-v0.1](https://huggingface.co/silma-ai/silma-embeddding-matryoshka-v0.1),⚠️ NA,0.086,0.135,768.0,512.0,34.15,29.15,21.72,41.31,27.3,0.57,13.07,69.42,30.72,15.75,42.49
159,160,[Arabic-mpnet-base-all-nli-triplet](https://huggingface.co/Omartificial-Intelligence-Space/Arabic-mpnet-base-all-nli-triplet),100%,0.086,0.109,768.0,514.0,35.2,29.46,15.13,44.37,27.4,-2.84,12.31,70.72,35.84,13.12,49.12
160,161,[potion-base-2M](https://huggingface.co/minishlab/potion-base-2M),99%,0.0,0.002,64.0,,36.27,30.97,12.19,42.25,31.0,0.59,11.53,70.43,37.38,23.99,49.34
161,162,[cai-lunaris-text-embeddings](https://huggingface.co/consciousAI/cai-lunaris-text-embeddings),⚠️ NA,0.304,0.335,1024.0,512.0,36.65,30.85,13.63,43.17,31.7,-1.46,12.65,69.98,34.38,23.49,50.14
162,163,[distilrubert-small-cased-conversational](https://huggingface.co/DeepPavlov/distilrubert-small-cased-conversational),100%,0.015,0.107,768.0,512.0,32.5,27.03,15.53,43.81,25.95,-0.61,13.11,64.46,33.51,11.29,36.2
163,164,[Arabert-all-nli-triplet-Matryoshka](https://huggingface.co/Omartificial-Intelligence-Space/Arabert-all-nli-triplet-Matryoshka),100%,0.086,0.135,768.0,512.0,33.11,28.18,19.05,40.86,26.42,1.07,12.11,68.76,30.14,12.74,42.51
164,165,[deberta-v1-base](https://huggingface.co/deepvk/deberta-v1-base),98%,0.085,0.124,768.0,512.0,31.83,25.71,13.07,45.37,27.01,-2.37,12.65,65.19,29.56,5.54,35.38
165,166,[udever-bloom-560m](https://huggingface.co/izhx/udever-bloom-560m),100%,0.302,0.559,,,,30.65,10.07,50.08,27.94,-0.81,14.1,71.67,30.79,18.87,53.11
166,167,[Marbert-all-nli-triplet-Matryoshka](https://huggingface.co/Omartificial-Intelligence-Space/Marbert-all-nli-triplet-Matryoshka),100%,0.086,0.163,768.0,512.0,32.14,26.76,14.54,41.88,25.58,-0.17,11.67,68.65,28.05,9.19,41.49
167,168,[sbert_large_mt_nlu_ru](https://huggingface.co/ai-forever/sbert_large_mt_nlu_ru),100%,0.304,0.427,1024.0,512.0,31.21,26.56,13.89,40.91,27.07,-0.48,13.71,65.22,34.6,8.47,35.7
168,169,[sbert_large_nlu_ru](https://huggingface.co/ai-forever/sbert_large_nlu_ru),100%,0.304,0.427,1024.0,512.0,30.05,25.39,13.22,40.66,27.55,0.56,13.7,62.84,32.13,7.8,30.07
169,170,[ternary-weight-embedding](https://huggingface.co/malenia1/ternary-weight-embedding),⚠️ NA,,0.099,1024.0,512.0,31.06,26.58,12.65,38.87,23.89,0.92,12.14,64.88,32.09,10.63,43.16
170,171,[jina-embeddings-v2-base-en](https://huggingface.co/jinaai/jina-embeddings-v2-base-en),100%,0.114,0.137,768.0,8192.0,28.04,24.17,0.9,34.2,21.12,-1.64,10.39,68.24,31.6,10.7,42.03
171,172,baseline-random-encoder,100%,,,32.0,,18.79,15.92,0.38,30.11,21.2,0.45,11.2,52.78,25.14,1.08,0.92
172,173,[SearchMap_Preview](https://huggingface.co/VPLabs/SearchMap_Preview),⚠️ NA,0.404,0.435,4096.0,8192.0,,49.44,28.83,69.32,50.19,0.46,4.86,81.31,90.88,48.6,70.49
173,174,[lodestone-base-4096-v1](https://huggingface.co/Hum-Works/lodestone-base-4096-v1),100%,0.114,0.137,768.0,,,,6.26,37.23,21.31,,17.09,71.18,,15.13,50.38
174,175,[jina-embeddings-v4](https://huggingface.co/jinaai/jina-embeddings-v4),97%,3.624,3.935,2048.0,32768.0,,,,,,,,,,66.43,72.55
175,176,[Jasper-Token-Compression-600M](https://huggingface.co/infgrad/Jasper-Token-Compression-600M),90%,0.452,0.607,2048.0,32768.0,,,,89.96,61.63,,,93.63,67.54,69.09,88.45
176,177,[voyage-law-2](https://blog.voyageai.com/2024/04/15/domain-specific-embeddings-and-retrieval-legal-edition-voyage-law-2/),100%,,,1024.0,16000.0,,,64.06,60.01,46.96,,,83.84,,79.64,82.55
177,178,[Seed1.5-Embedding](https://seed1-5-embedding.github.io/),90%,,,2048.0,32768.0,,,,88.3,63.66,,,92.04,67.33,69.14,87.61
178,179,[QZhou-Embedding](https://huggingface.co/Kingsoft-LLM/QZhou-Embedding),90%,6.526,7.071,3584.0,8192.0,,,,79.19,61.94,,,95.27,68.01,70.89,90.55
179,180,[KaLM-embedding-multilingual-mini-instruct-v1.5](https://huggingface.co/HIT-TMG/KaLM-embedding-multilingual-mini-instruct-v1.5),92%,0.358,0.494,896.0,512.0,,,,76.47,71.82,,43.76,76.17,70.72,61.16,80.45
180,181,[Seed1.6-embedding](https://seed1-6-embedding.github.io/),90%,,,2048.0,32768.0,,,,92.5,61.76,,,88.39,67.66,67.24,86.64
181,182,[bge-multilingual-gemma2](https://huggingface.co/BAAI/bge-multilingual-gemma2),91%,8.322,9.24,3584.0,8192.0,,,,80.69,67.24,,,85.95,73.05,61.51,84.78
182,183,[KaLM-embedding-multilingual-mini-instruct-v2.5](https://huggingface.co/KaLM-Embedding/KaLM-embedding-multilingual-mini-instruct-v2.5),92%,0.358,0.494,896.0,512.0,,,,90.14,59.34,,,91.38,67.6,62.08,84.15
183,184,[text-embedding-004](https://cloud.google.com/vertex-ai/generative-ai/docs/embeddings/get-text-embeddings),99%,,,768.0,2048.0,,,,81.59,56.0,2.33,,91.95,,50.68,84.27
184,185,[voyage-code-2](https://blog.voyageai.com/2024/01/23/voyage-code-2-elevate-your-code-retrieval/),100%,,,1536.0,16000.0,,,60.0,59.7,46.35,,,83.07,,74.83,81.7
185,186,[text-embedding-ada-002](https://openai.com/index/new-and-improved-embedding-model/),⚠️ NA,,,1536.0,8191.0,,,73.13,65.7,48.58,,,83.55,,32.43,79.99
186,187,[voyage-2](https://blog.voyageai.com/2023/10/29/voyage-embeddings/),100%,,,1024.0,4000.0,,,47.0,58.05,46.24,,,81.89,,59.47,78.38
187,188,[Giga-Embeddings-instruct](https://huggingface.co/ai-sage/Giga-Embeddings-instruct),⚠️ NA,,3.227,2048.0,4096.0,,,,90.34,60.25,,69.81,86.52,80.51,49.62,82.39
188,189,[LGAI-Embedding-Preview](https://huggingface.co/annamodels/LGAI-Embedding-Preview),90%,6.979,7.11,4096.0,32768.0,,,,89.45,61.82,,,92.79,,68.1,86.74
189,190,[b1ade-embed](https://huggingface.co/w601sxs/b1ade-embed),99%,0.304,0.335,1024.0,4096.0,,,32.02,73.0,50.17,,,91.49,,57.18,86.4
190,191,[text-embedding-005](https://cloud.google.com/vertex-ai/generative-ai/docs/embeddings/get-text-embeddings),99%,,,768.0,2048.0,,,,82.06,56.37,,,91.97,,54.55,84.62
191,192,[voyage-code-3](https://blog.voyageai.com/2024/12/04/voyage-code-3/),100%,,,1024.0,32000.0,,,67.77,56.8,47.9,,,89.69,,89.88,81.47
192,193,[inf-retriever-v1](https://huggingface.co/infly/inf-retriever-v1),96%,6.526,7.069,3584.0,32768.0,,,,,,2.63,,,,66.48,
193,194,[sentence-t5-large](https://huggingface.co/sentence-transformers/sentence-t5-large),100%,0.303,0.336,768.0,512.0,,,43.7,63.4,30.64,,2.79,81.59,77.42,47.58,78.29
194,195,[Yuan-embedding-2.0-en](https://huggingface.co/IEITYuan/Yuan-embedding-2.0-en),99%,0.44,0.596,1024.0,2048.0,,,,83.32,55.39,,,88.37,,75.78,84.81
195,196,[voyage-3-large](https://blog.voyageai.com/2025/01/07/voyage-3-large/),100%,,,1024.0,32000.0,,,,,,4.0,,,,66.02,
196,197,[Tarka-Embedding-350M-V1](https://huggingface.co/Tarka-AIR/Tarka-Embedding-350M-V1),99%,0.287,0.354,1024.0,128000.0,,,,88.8,58.81,,,90.39,,54.08,84.45
197,198,[F2LLM-4B](https://huggingface.co/codefuse-ai/F2LLM-4B),90%,3.634,4.022,2560.0,8192.0,,,,91.12,73.02,,,88.48,,49.76,83.78
198,199,[F2LLM-1.7B](https://huggingface.co/codefuse-ai/F2LLM-1.7B),90%,1.409,1.721,2048.0,8192.0,,,,90.14,68.49,,,89.98,,49.24,83.41
199,200,[inf-retriever-v1-1.5b](https://huggingface.co/infly/inf-retriever-v1-1.5b),96%,1.31,1.543,1536.0,32768.0,,,,,,0.09,,,,62.96,
200,201,[voyage-3-m-exp](https://huggingface.co/voyageai/voyage-3-m-exp),90%,,6.918,2048.0,32000.0,,,,95.1,49.43,,,89.6,,69.02,83.49
201,202,[granite-embedding-english-r2](https://huggingface.co/ibm-granite/granite-embedding-english-r2),96%,0.11,0.149,768.0,8192.0,,,,66.03,50.8,,,88.98,,53.69,77.06
202,203,[F2LLM-0.6B](https://huggingface.co/codefuse-ai/F2LLM-0.6B),90%,0.44,0.596,1024.0,8192.0,,,,90.53,65.02,,,89.13,,46.64,82.33
203,204,[mdbr-leaf-mt](https://huggingface.co/MongoDB/mdbr-leaf-mt),100%,0.011,0.023,1024.0,512.0,,,,69.9,50.33,,,91.01,,47.35,82.67
204,205,[voyage-finance-2](https://blog.voyageai.com/2024/06/03/domain-specific-embeddings-finance-edition-voyage-finance-2/),100%,,,1024.0,32000.0,,,68.06,58.92,47.47,,,82.52,,88.52,76.07
205,206,[sentence-t5-base](https://huggingface.co/sentence-transformers/sentence-t5-base),100%,0.198,0.223,768.0,512.0,,,55.13,45.01,29.72,,2.24,80.61,73.28,42.31,76.85
206,207,[SONAR](https://ai.meta.com/research/publications/sonar-sentence-level-multimodal-and-language-agnostic-representations/),100%,,,1024.0,512.0,,,74.15,59.25,50.72,,,82.1,55.35,13.82,64.92
207,208,[Conan-embedding-v2](https://huggingface.co/TencentBAC/Conan-embedding-v2),91%,,,3584.0,32768.0,,,,89.37,,,,96.3,72.83,72.53,86.9
208,209,[GeoEmbedding](https://huggingface.co/GeoGPT-Research-Project/GeoEmbedding),92%,6.98,7.111,4096.0,32768.0,,,,89.02,55.27,,,89.79,,59.09,80.14
209,210,[pplx-embed-v1-4b](https://huggingface.co/perplexity-ai/pplx-embed-v1-4b),99%,3.611,4.0,2560.0,32768.0,,,,,,,,,,69.66,
210,211,[Tarka-Embedding-150M-V1](https://huggingface.co/Tarka-AIR/Tarka-Embedding-150M-V1),99%,0.106,0.156,768.0,2048.0,,,,84.79,56.37,,,87.46,,52.32,81.35
211,212,[granite-embedding-small-english-r2](https://huggingface.co/ibm-granite/granite-embedding-small-english-r2),96%,0.028,0.048,384.0,8192.0,,,,62.74,50.15,,,88.85,,50.49,75.35
212,213,[voyage-large-2](https://blog.voyageai.com/2023/10/29/voyage-embeddings/),100%,,,1536.0,16000.0,,,54.55,54.03,48.87,,,89.05,,59.47,81.7
213,214,[pplx-embed-v1-0.6b](https://huggingface.co/perplexity-ai/pplx-embed-v1-0.6b),99%,0.44,0.596,1024.0,32768.0,,,,,,,,,,65.41,
214,215,[mini-gte](https://huggingface.co/prdev/mini-gte),100%,0.043,0.066,768.0,512.0,,,,76.14,51.55,,,90.46,,50.65,81.15
215,216,[miniac-embed](https://huggingface.co/ManiacLabs/miniac-embed),100%,0.021,0.033,1024.0,512.0,,,,69.24,49.73,,,90.92,,42.54,82.45
216,217,[bge-large-en](https://huggingface.co/BAAI/bge-large-en),99%,0.304,0.335,1024.0,512.0,,,,75.54,,-2.37,,90.2,,40.51,83.2
217,218,[multi-qa-MiniLM-L6-cos-v1](https://huggingface.co/sentence-transformers/multi-qa-MiniLM-L6-cos-v1),100%,0.011,0.023,384.0,512.0,,,8.78,54.96,19.79,,2.4,79.76,75.46,35.4,67.27
218,219,[sentence-t5-xl](https://huggingface.co/sentence-transformers/sentence-t5-xl),100%,1.209,1.242,768.0,512.0,,,48.42,60.8,31.74,,,83.26,,36.71,79.41
219,220,[bge-base-en](https://huggingface.co/BAAI/bge-base-en),99%,0.086,0.109,768.0,512.0,,,,74.46,,-3.11,,90.73,,39.21,83.17
220,221,[sentence-t5-xxl](https://huggingface.co/sentence-transformers/sentence-t5-xxl),100%,4.833,4.866,768.0,512.0,,,83.25,50.37,38.24,,,83.37,,38.83,85.13
221,222,[KaLM-embedding-multilingual-mini-instruct-v2](https://huggingface.co/HIT-TMG/KaLM-embedding-multilingual-mini-instruct-v2),92%,0.358,0.494,896.0,512.0,,,,87.66,,,,91.02,66.69,60.2,81.33
222,223,[LENS-d8000](https://huggingface.co/yibinlei/LENS-d8000),93%,6.979,7.11,8000.0,32768.0,,,,89.07,,,,92.19,,60.58,86.44
223,224,[LENS-d4000](https://huggingface.co/yibinlei/LENS-d4000),93%,6.979,7.11,4000.0,32768.0,,,,88.51,,,,92.24,,58.19,86.17
224,225,[bge-en-icl](https://huggingface.co/BAAI/bge-en-icl),92%,6.979,7.11,4096.0,32768.0,,,,89.75,,,,92.57,,62.47,85.55
225,226,[gme-Qwen2-VL-7B-Instruct](https://huggingface.co/Alibaba-NLP/gme-Qwen2-VL-7B-Instruct),100%,7.201,7.746,3584.0,32768.0,,,,81.95,,,,91.23,66.54,56.04,80.42
226,227,[gme-Qwen2-VL-2B-Instruct](https://huggingface.co/Alibaba-NLP/gme-Qwen2-VL-2B-Instruct),100%,1.976,2.209,1536.0,32768.0,,,,79.32,,,,90.89,66.73,55.57,80.63
227,228,[gtr-t5-large](https://huggingface.co/sentence-transformers/gtr-t5-large),100%,0.303,0.336,768.0,512.0,,,,57.17,26.42,,3.02,89.97,78.34,55.28,72.76
228,229,[baseline-bm25s](https://github.com/xhluca/bm25s),⚠️ NA,,,,,,,,,,,,,,44.14,
229,230,[Zeta-Alpha-E5-Mistral](https://huggingface.co/zeta-alpha-ai/Zeta-Alpha-E5-Mistral),95%,6.98,7.111,4096.0,32768.0,,,,76.98,,,,91.68,,56.72,85.86
230,231,[gte-base-en-v1.5](https://huggingface.co/Alibaba-NLP/gte-base-en-v1.5),⚠️ NA,0.113,0.137,768.0,8192.0,,,,78.81,,,,90.26,,40.21,83.2
231,232,[static-retrieval-mrl-en-v1](https://huggingface.co/sentence-transformers/static-retrieval-mrl-en-v1),99%,0.0,0.031,1024.0,,,,,63.65,35.93,,,86.7,,31.85,71.44
232,233,[LLM2Vec-Llama-2-7b-chat-hf-mntp-supervised](https://huggingface.co/McGill-NLP/LLM2Vec-Llama-2-7b-chat-hf-mntp-supervised),98%,6.516,6.647,4096.0,32768.0,,,,77.1,,,,91.7,,52.28,85.83
233,234,[cde-small-v2](https://huggingface.co/jxm/cde-small-v1),93%,,0.306,768.0,512.0,,,,81.07,,,,91.82,,59.45,84.73
234,235,[mxbai-embed-2d-large-v1](https://huggingface.co/mixedbread-ai/mxbai-embed-2d-large-v1),⚠️ NA,0.304,0.335,768.0,512.0,,,,73.38,,,,90.81,,51.68,86.38
235,236,[LLM2Vec-Meta-Llama-3-8B-Instruct-mntp-supervised](https://huggingface.co/McGill-NLP/LLM2Vec-Meta-Llama-3-8B-Instruct-mntp-supervised),98%,7.022,7.547,4096.0,8192.0,,,,76.78,,,,90.83,,55.36,85.24
236,237,[ember-v1](https://huggingface.co/llmrails/ember-v1),⚠️ NA,0.304,0.335,1024.0,512.0,,,,74.96,,,,91.41,,49.43,84.86
237,238,[gte-modernbert-base](https://huggingface.co/Alibaba-NLP/gte-modernbert-base),99%,0.11,0.149,768.0,8192.0,,,,78.07,,,,90.37,,65.4,82.15
238,239,[potion-base-32M](https://huggingface.co/minishlab/potion-base-32M),99%,0.0,0.032,512.0,,,,,70.04,45.3,,,87.68,,32.79,73.48
239,240,[LLM2Vec-Sheared-LLaMA-mntp-supervised](https://huggingface.co/McGill-NLP/LLM2Vec-Sheared-LLaMA-mntp-supervised),98%,1.229,1.295,4096.0,32768.0,,,,74.31,,,,91.24,,50.01,84.94
240,241,[potion-retrieval-32M](https://huggingface.co/minishlab/potion-retrieval-32M),99%,0.0,0.032,512.0,,,,,66.01,45.74,,,87.26,,34.42,72.62
241,242,[cde-small-v1](https://huggingface.co/jxm/cde-small-v1),93%,,0.281,768.0,512.0,,,,78.8,,,,90.59,,57.72,82.77
242,243,[bangla-sentence-transformer-ft-matryoshka-paraphrase-multilingual-mpnet-base-v2](https://huggingface.co/Kowshik24/bangla-sentence-transformer-ft-matryoshka-paraphrase-multilingual-mpnet-base-v2),100%,0.086,0.278,768.0,128.0,,,67.99,37.56,37.75,,,,73.5,51.39,39.73
243,244,[Titan-text-embeddings-v2](https://huggingface.co/amazon/Titan-text-embeddings-v2),⚠️ NA,,,,,,,38.25,68.14,,,,89.32,,51.35,80.78
244,245,[modernbert-embed-base](https://huggingface.co/nomic-ai/modernbert-embed-base),96%,0.11,0.149,768.0,8192.0,,,,73.14,,,,89.12,,50.57,83.97
245,246,[bge-small-en](https://huggingface.co/BAAI/bge-small-en),99%,0.022,0.033,512.0,512.0,,,,73.0,,,,90.19,,50.73,82.48
246,247,[Hinvec](https://huggingface.co/Sailesh97/Hinvec),96%,0.872,0.94,2048.0,2048.0,,,54.8,62.1,15.75,,,64.48,53.36,19.47,6.98
247,248,[gtr-t5-xxl](https://huggingface.co/sentence-transformers/gtr-t5-xxl),100%,4.833,4.866,768.0,512.0,,,,68.8,,,,90.41,,40.52,79.22
248,249,[gtr-t5-xl](https://huggingface.co/sentence-transformers/gtr-t5-xl),100%,1.209,1.242,768.0,512.0,,,18.54,52.18,,,,90.29,,42.87,73.06
249,250,[xlm-roberta-large](https://huggingface.co/FacebookAI/xlm-roberta-large),100%,0.304,0.56,1024.0,512.0,,,17.18,60.74,22.48,,,68.76,,20.66,
250,251,[xlm-roberta-base](https://huggingface.co/FacebookAI/xlm-roberta-base),100%,0.086,0.278,768.0,512.0,,,25.41,57.9,25.3,,,69.11,,19.06,
251,252,[LLM2Vec-Llama-2-7b-chat-hf-mntp-unsup-simcse](https://huggingface.co/McGill-NLP/LLM2Vec-Llama-2-7b-chat-hf-mntp-unsup-simcse),100%,6.516,6.647,4096.0,32768.0,,,,74.19,,,,84.26,,39.26,76.74
252,253,[LLM2Vec-Meta-Llama-3-8B-Instruct-mntp-unsup-simcse](https://huggingface.co/McGill-NLP/LLM2Vec-Meta-Llama-3-8B-Instruct-mntp-unsup-simcse),100%,7.022,7.547,4096.0,8192.0,,,,74.19,,,,83.72,,41.82,75.81
253,254,[gtr-t5-base](https://huggingface.co/sentence-transformers/gtr-t5-base),100%,0.086,0.11,768.0,512.0,,,,49.66,,,,89.66,,40.29,77.71
254,255,[voyage-3.5 (output_dtype=int8)](https://blog.voyageai.com/2025/05/20/voyage-3-5/),100%,,,1024.0,32000.0,,,67.55,52.95,36.45,,,,,64.01,
255,256,[voyage-3.5 (output_dtype=binary)](https://blog.voyageai.com/2025/05/20/voyage-3-5/),100%,,,1024.0,32000.0,,,63.81,51.14,35.7,,,,,58.65,
256,257,[LLM2Vec-Sheared-LLaMA-mntp-unsup-simcse](https://huggingface.co/McGill-NLP/LLM2Vec-Sheared-LLaMA-mntp-unsup-simcse),100%,1.229,1.295,4096.0,32768.0,,,,70.44,,,,77.55,,35.07,71.63
257,258,[text-embedding-3-large (embed_dim=512)](https://openai.com/index/new-embedding-models-and-api-updates/),⚠️ NA,,,512.0,8191.0,,,66.3,58.35,34.79,,,,,82.94,
258,259,[nb-sbert-base](https://huggingface.co/NbAiLab/nb-sbert-base),100%,0.086,0.178,4096.0,75.0,,,72.03,56.03,30.68,,,,,45.98,
259,260,[text-embedding-3-small (embed_dim=512)](https://openai.com/index/new-embedding-models-and-api-updates/),⚠️ NA,,,512.0,8191.0,,,65.38,54.15,34.42,,,,,68.97,
260,261,[e5-large-trm-nl](https://huggingface.co/clips/e5-large-trm-nl),99%,0.304,0.355,1024.0,514.0,,,,65.15,43.62,,6.5,,87.18,90.94,
261,262,[cadet-embed-base-v1](https://huggingface.co/manveertamber/cadet-embed-base-v1),97%,0.086,0.109,768.0,512.0,,,,,,,,,,61.91,
262,263,[mmBERTscandi-base-embedding](https://huggingface.co/emillykkejensen/Qwen3-Embedding-Scandi-0.6B),100%,0.11,0.307,768.0,8192.0,,,55.2,61.57,37.62,,,,,47.61,
263,264,[EmbeddingGemma-Scandi-300m](https://huggingface.co/emillykkejensen/EmbeddingGemma-Scandi-300m),99%,0.106,0.308,768.0,2048.0,,,61.6,56.44,35.64,,,,,48.62,
264,265,[Qwen3-Embedding-Scandi-0.6B](https://huggingface.co/emillykkejensen/Qwen3-Embedding-Scandi-0.6B),99%,0.44,0.596,1024.0,32768.0,,,56.89,57.41,36.59,,,,,39.51,
265,266,[e5-base-trm-nl](https://huggingface.co/clips/e5-base-trm-nl),99%,0.086,0.124,768.0,514.0,,,,60.4,41.21,,5.19,,87.38,91.43,
266,267,[voyage-multimodal-3](https://huggingface.co/voyageai/voyage-multimodal-3),100%,,,1024.0,32768.0,,,65.52,51.37,31.77,,,,,74.32,
267,268,[e5-small-trm-nl](https://huggingface.co/clips/e5-small-trm-nl),99%,0.022,0.041,384.0,512.0,,,,58.55,38.87,,5.04,,87.09,90.56,
268,269,[jina-reranker-v3](https://huggingface.co/jinaai/jina-reranker-v3),97%,0.441,0.597,,131072.0,,,,,,,,,67.84,,
269,270,[dfm-sentence-encoder-large](https://huggingface.co/KennethEnevoldsen/dfm-sentence-encoder-large),100%,0.304,0.355,1024.0,512.0,,,50.95,53.83,22.74,,,,,42.33,
270,271,[Querit](https://huggingface.co/Querit/Querit),99%,4.788,4.92,1024.0,4096.0,,,,,,,,,65.23,,
271,272,[xlm-roberta-ua-distilled](https://github.com/panalexeu/xlm-roberta-ua-distilled/tree/main),100%,0.086,0.278,768.0,512.0,,,70.51,,40.41,,,,,76.49,
272,273,[dfm-sentence-encoder-medium](https://huggingface.co/KennethEnevoldsen/dfm-sentence-encoder-medium),100%,0.086,0.124,768.0,512.0,,,62.16,47.79,3.16,,,,,41.54,
273,274,[m2v-dfm-large](https://huggingface.co/rasgaard/m2v-dfm-large),100%,0.0,0.023,256.0,,,,38.02,53.64,5.68,,,,,33.45,
274,275,[model2vecdk-stem](https://huggingface.co/andersborges/model2vecdk-stem),100%,0.0,0.049,256.0,,,,40.21,45.06,5.15,,,,,25.56,
275,276,[model2vecdk](https://huggingface.co/andersborges/model2vecdk),100%,0.0,0.048,256.0,,,,40.57,45.2,4.85,,,,,21.05,
276,277,[bge-m3-unsupervised](https://huggingface.co/BAAI/bge-m3-unsupervised),98%,0.312,0.568,1024.0,8192.0,,,,66.33,,,,,90.71,55.49,
277,278,[Solon-embeddings-mini-beta-1.1](https://huggingface.co/OrdalieTech/Solon-embeddings-mini-beta-1.1),100%,0.113,0.212,768.0,8192.0,,,,66.34,43.62,,,65.02,73.52,,
278,279,[bge-base-zh-v1.5](https://huggingface.co/BAAI/bge-base-zh-v1.5),100%,0.093,0.109,768.0,512.0,,,,49.23,,,,52.23,,34.02,78.31
279,280,[stella-large-zh-v3-1792d](https://huggingface.co/dunzhang/stella-large-zh-v3-1792d),100%,0.306,0.327,1792.0,512.0,,,,52.81,,,,52.41,66.38,82.44,82.8
280,281,[bge-large-zh-v1.5](https://huggingface.co/BAAI/bge-large-zh-v1.5),100%,0.313,0.335,1024.0,512.0,,,,49.88,,,,52.86,,32.35,78.7
281,282,[stella-base-zh-v3-1792d](https://huggingface.co/infgrad/stella-base-zh-v3-1792d),100%,0.088,0.104,1792.0,512.0,,,,52.97,,,,51.98,66.49,80.61,83.05
282,283,[MicroLlama-text-embedding](https://huggingface.co/keeeeenw/MicroLlama-text-embedding),100%,0.239,0.272,1024.0,2048.0,,,,65.93,43.45,,,,,35.44,
283,284,[Dmeta-embedding-zh-small](https://huggingface.co/DMetaSoul/Dmeta-embedding-zh-small/),⚠️ NA,0.058,0.074,768.0,1024.0,,,,48.95,,,,53.68,66.11,75.63,79.09
284,285,[XLMRoberta-en-da-sv-nb](https://huggingface.co/KFST/XLMRoberta-en-da-sv-nb),⚠️ NA,0.086,0.278,768.0,512.0,,,57.91,48.22,,,,,,,
285,286,[gte-base-zh](https://huggingface.co/thenlper/gte-base-zh),⚠️ NA,0.086,0.102,1024.0,512.0,,,,47.89,,,,51.89,66.36,75.74,81.46
286,287,[piccolo-base-zh](https://huggingface.co/sensenova/piccolo-base-zh),⚠️ NA,0.086,0.102,768.0,512.0,,,,51.29,,,,51.01,66.46,84.5,70.6
287,288,[FRIDA](https://huggingface.co/ai-forever/FRIDA),83%,0.679,0.823,1536.0,512.0,,,,79.49,,,64.64,66.45,77.02,,
288,289,[gte-large-zh](https://huggingface.co/thenlper/gte-large-zh),⚠️ NA,0.304,0.326,1024.0,512.0,,,,44.15,,,,51.74,65.86,88.41,79.68
289,290,[bge-small-zh-v1.5](https://huggingface.co/BAAI/bge-small-zh-v1.5),100%,0.023,0.033,512.0,512.0,,,,46.9,,,,49.13,,30.68,76.73
290,291,[text2vec-base-chinese](https://huggingface.co/shibing624/text2vec-base-chinese),100%,0.086,0.102,768.0,512.0,,,,48.11,,,,50.97,,19.37,79.3
291,292,[zpoint_large_embedding_zh](https://huggingface.co/iampanda/zpoint_large_embedding_zh),99%,0.304,0.326,1792.0,512.0,,,,53.16,,,,,69.29,89.14,83.34
292,293,[BERTA](https://huggingface.co/sergeyzh/BERTA),83%,0.086,0.128,768.0,512.0,,,,73.96,,,73.01,65.74,75.16,,
293,294,[xiaobu-embedding-v2](https://huggingface.co/lier007/xiaobu-embedding-v2),⚠️ NA,0.304,0.326,768.0,512.0,,,,77.45,,,,,69.03,89.4,82.05
294,295,[Conan-embedding-v1](https://huggingface.co/Classical/Yinka),⚠️ NA,0.304,0.326,768.0,512.0,,,,78.14,,,,,68.36,92.35,81.24
295,296,[sbert-chinese-general-v1](https://huggingface.co/DMetaSoul/sbert-chinese-general-v1),99%,0.086,0.102,128.0,512.0,,,,47.01,,,,46.64,65.14,39.63,82.17
296,297,[gte-small-zh](https://huggingface.co/thenlper/gte-small-zh),⚠️ NA,0.019,0.03,1024.0,512.0,,,,47.0,,,,48.95,65.39,61.65,76.51
297,298,[atles-champion-embedding](https://huggingface.co/spartan8806/atles-champion-embedding),99%,0.086,0.109,768.0,512.0,,,,,,,,,,,74.03
298,299,[sarashina-embedding-v2-1b](https://huggingface.co/sbintuitions/sarashina-embedding-v2-1b),100%,1.041,1.224,1792.0,8192.0,,,,76.03,51.26,,,,,,82.56
299,300,[MiniCPM-Embedding](https://huggingface.co/openbmb/MiniCPM-Embedding),⚠️ NA,2.442,2.725,2304.0,512.0,,,,,,,,,,65.09,
300,301,[stella-mrl-large-zh-v3.5-1792d](https://huggingface.co/dunzhang/stella-large-zh-v3-1792d),100%,0.304,0.326,1792.0,512.0,,,,52.48,,,,,66.43,81.87,82.96
301,302,[piccolo-large-zh-v2](https://huggingface.co/sensenova/piccolo-large-zh-v2),⚠️ NA,,,1024.0,512.0,,,,77.71,,,,,67.15,86.78,78.71
302,303,[rubert-mini-frida](https://huggingface.co/sergeyzh/rubert-mini-frida),100%,0.006,0.032,312.0,2048.0,,,,64.66,,,57.04,60.36,71.12,,
303,304,[ruri-v3-310m](https://huggingface.co/cl-nagoya/ruri-v3-310m),99%,0.236,0.315,768.0,8192.0,,,,76.4,49.56,,,,,,77.97
304,305,[ruri-large](https://huggingface.co/cl-nagoya/ruri-large),⚠️ NA,0.304,0.337,1024.0,512.0,,,,74.25,42.86,,,,,,82.66
305,306,[Yinka](https://huggingface.co/Classical/Yinka),⚠️ NA,0.304,0.326,1024.0,512.0,,,,76.96,,,,,67.05,85.95,79.24
306,307,[ruri-large-v2](https://huggingface.co/cl-nagoya/ruri-large-v2),⚠️ NA,0.304,0.337,1024.0,512.0,,,,73.75,41.85,,,,,,82.63
307,308,[xiaobu-embedding](https://huggingface.co/lier007/xiaobu-embedding),⚠️ NA,0.304,0.326,1024.0,512.0,,,,72.87,,,,,66.6,87.69,81.19
308,309,[sarashina-embedding-v1-1b](https://huggingface.co/sbintuitions/sarashina-embedding-v1-1b),100%,1.041,1.224,1792.0,8192.0,,,,75.39,43.54,,,,,,79.54
309,310,[ruri-v3-130m](https://huggingface.co/cl-nagoya/ruri-v3-130m),99%,0.08,0.132,512.0,8192.0,,,,75.23,47.33,,,,,,73.93
310,311,[ruri-v3-70m](https://huggingface.co/cl-nagoya/ruri-v3-70m),99%,0.031,0.07,256.0,8192.0,,,,73.6,47.85,,,,,,75.85
311,312,[ruri-base](https://huggingface.co/cl-nagoya/ruri-base),⚠️ NA,0.086,0.111,768.0,512.0,,,,70.44,47.5,,,,,,82.93
312,313,[ruri-base-v2](https://huggingface.co/cl-nagoya/ruri-base-v2),⚠️ NA,0.086,0.111,768.0,512.0,,,,70.23,46.9,,,,,,82.76
313,314,[Hakim](https://huggingface.co/MCINext/Hakim),100%,,0.124,768.0,512.0,,,,69.42,,,,,88.92,67.76,
314,315,[USER2-base](https://huggingface.co/collections/deepvk/user2-6802650d7210f222ec60e05f),95%,,0.149,768.0,8192.0,,,,69.47,,,44.05,56.38,69.73,,
315,316,[cai-stellaris-text-embeddings](https://huggingface.co/consciousAI/cai-stellaris-text-embeddings),⚠️ NA,,,768.0,514.0,,,,63.46,,,,88.36,,47.29,
316,317,[ruri-v3-30m](https://huggingface.co/cl-nagoya/ruri-v3-30m),100%,0.01,0.037,256.0,8192.0,,,,70.02,45.7,,,,,,81.4
317,318,[Tooka-SBERT-V2-Large](https://huggingface.co/PartAI/Tooka-SBERT-V2-Large),⚠️ NA,0.304,0.353,1024.0,512.0,,,,67.85,,,,,86.48,67.92,
318,319,[Tooka-SBERT-V2-Small](https://huggingface.co/PartAI/Tooka-SBERT-V2-Small),⚠️ NA,0.086,0.123,768.0,512.0,,,,66.02,,,,,85.25,69.3,
319,320,[Hakim-unsup](https://huggingface.co/MCINext/Hakim-unsup),100%,,0.124,768.0,512.0,,,,66.99,,,,,82.55,67.67,
320,321,[USER2-small](https://huggingface.co/collections/deepvk/user2-6802650d7210f222ec60e05f),95%,,0.034,384.0,8192.0,,,,66.39,,,39.44,54.02,66.03,,
321,322,[Hakim-small](https://huggingface.co/MCINext/Hakim-small),100%,,0.039,512.0,512.0,,,,63.95,,,,,86.69,64.99,
322,323,[GTE-ModernColBERT-v1](https://huggingface.co/lightonai/GTE-ModernColBERT-v1),99%,0.11,0.149,128.0,8192.0,,,,,,,,,,62.02,
323,324,[mdbr-leaf-ir](https://huggingface.co/MongoDB/mdbr-leaf-ir),100%,0.011,0.023,768.0,512.0,,,,,,,,,,46.67,
324,325,[nb-bert-large](https://huggingface.co/NbAiLab/nb-bert-large),100%,0.304,0.355,1024.0,512.0,,,4.53,64.77,,,,,,,
325,326,[Tooka-SBERT](https://huggingface.co/PartAI/Tooka-SBERT),⚠️ NA,0.304,0.353,1024.0,512.0,,,,63.19,,,,,80.71,52.73,
326,327,[m3e-base](https://huggingface.co/moka-ai/m3e-base),99%,0.086,0.102,768.0,512.0,,,,54.67,,,,47.6,,66.42,76.97
327,328,[nb-bert-base](https://huggingface.co/NbAiLab/nb-bert-base),100%,0.086,0.178,768.0,512.0,,,9.88,64.23,,,,,,,
328,329,[FollowIR-7B](https://huggingface.co/jhu-clsp/FollowIR-7B),100%,6.98,7.111,,,,,,,,12.15,,,,,
329,330,[QZhou-Embedding-Zh](http://huggingface.co/Kingsoft-LLM/QZhou-Embedding-Zh),100%,6.953,7.576,1792.0,8192.0,,,,,,,,,68.27,93.46,89.98
330,331,[Yuan-embedding-2.0-zh](https://huggingface.co/IEITYuan/Yuan-embedding-2.0-zh),99%,0.306,0.327,1792.0,512.0,,,,,,,,,71.14,95.22,83.57
331,332,[Youtu-Embedding](https://huggingface.co/tencent/Youtu-Embedding),99%,2.41,2.673,2048.0,8192.0,,,,,,,,,73.15,91.94,83.18
332,333,[m3e-large](https://huggingface.co/moka-ai/m3e-large),99%,0.304,0.326,768.0,512.0,,,,49.8,,,,49.88,,61.33,74.16
333,334,[ritrieve_zh_v1](https://huggingface.co/richinfoai/ritrieve_zh_v1),91%,0.304,0.326,1792.0,512.0,,,,,,,,,68.47,92.32,81.43
334,335,[flan-t5-large](https://huggingface.co/google/flan-t5-large),100%,0.75,0.783,,,,,,,,4.72,,,,,
335,336,[monot5-3b-msmarco-10k](https://huggingface.co/castorini/monot5-3b-msmarco-10k),⚠️ NA,2.917,2.95,,,,,,,,2.53,,,,,
336,337,[fabert](https://huggingface.co/sbunlp/fabert),100%,0.086,0.124,768.0,512.0,,,,54.71,,,,,77.43,38.26,
337,338,[bert-base-parsbert-uncased](https://huggingface.co/HooshvareLab/bert-base-parsbert-uncased),100%,0.086,0.163,768.0,512.0,,,,60.13,,,,,73.86,28.08,
338,339,[Arabic-Triplet-Matryoshka-V2](https://huggingface.co/Omartificial-Intelligence-Space/Arabic-Triplet-Matryoshka-V2),100%,0.086,0.135,768.0,768.0,,,,,,,,,,39.15,33.31
339,340,[TookaBERT-Base](https://huggingface.co/PartAI/TookaBERT-Base),100%,0.086,0.123,768.0,512.0,,,,60.32,,,,,73.95,25.67,
340,341,[sentence-bert-swedish-cased](https://huggingface.co/KBLab/sentence-bert-swedish-cased),⚠️ NA,0.086,0.125,768.0,384.0,,,14.08,50.95,,,,,,,
341,342,[bert-zwnj-wnli-mean-tokens](https://huggingface.co/m3hrdadfi/bert-zwnj-wnli-mean-tokens),100%,0.086,0.118,768.0,512.0,,,,53.3,,,,,73.28,24.63,
342,343,[roberta-zwnj-wnli-mean-tokens](https://huggingface.co/m3hrdadfi/roberta-zwnj-wnli-mean-tokens),100%,0.086,0.118,768.0,514.0,,,,52.08,,,,,72.11,22.3,
343,344,[bge-large-zh](https://huggingface.co/BAAI/bge-large-zh),100%,0.313,0.335,1024.0,512.0,,,,67.93,,,,,,74.06,78.51
344,345,[e5-R-mistral-7b](https://huggingface.co/BeastyZ/e5-R-mistral-7b),99%,7.111,7.242,4096.0,32768.0,,,,,,,,,,54.22,
345,346,[bge-base-zh](https://huggingface.co/BAAI/bge-base-zh),100%,0.093,0.109,768.0,512.0,,,,66.14,,,,,,72.07,78.66
346,347,[flan-t5-base](https://huggingface.co/google/flan-t5-base),100%,0.223,0.248,,,,,,,,0.64,,,,,
347,348,monot5-base-msmarco-10k,⚠️ NA,0.272,0.297,,,,,,,,-1.74,,,,,
348,349,[bge-small-zh](https://huggingface.co/BAAI/bge-small-zh),100%,0.023,0.033,512.0,512.0,,,,61.81,,,,,,68.95,76.48
349,350,[sentence-transformer-parsbert-fa](https://huggingface.co/myrkur/sentence-transformer-parsbert-fa),100%,0.086,0.163,768.0,512.0,,,,44.8,,,,,61.47,20.5,
350,351,[ColBERT-Zero](https://huggingface.co/lightonai/ColBERT-Zero),100%,0.11,0.149,128.0,8192.0,,,,,,,,,,50.31,
351,352,[ColBERT-Zero-unsupervised](https://huggingface.co/lightonai/ColBERT-Zero-unsupervised),100%,0.11,0.149,128.0,8192.0,,,,,,,,,,46.81,
352,353,[MoD-Embedding](https://huggingface.co/bflhc/MoD-Embedding),99%,3.634,4.022,2560.0,32768.0,,,,,,,,,,78.57,
353,354,[Octen-Embedding-4B](https://huggingface.co/bflhc/Octen-Embedding-4B),99%,3.634,4.022,2560.0,32768.0,,,,,,,,,,74.64,
354,355,[opensearch-neural-sparse-encoding-doc-v3-gte](https://huggingface.co/opensearch-project/opensearch-neural-sparse-encoding-doc-v3-gte),100%,0.113,0.137,30522.0,8192.0,,,,,,,,,,47.38,
355,356,[voyage-4-large (embed_dim=2048)](https://blog.voyageai.com/2026/01/15/voyage-4/),100%,,,2048.0,32000.0,,,,,,,,,,56.72,
356,357,[Octen-Embedding-0.6B](https://huggingface.co/bflhc/Octen-Embedding-0.6B),99%,0.44,0.596,1024.0,32768.0,,,,,,,,,,73.21,
357,358,[ColBERT-Zero-supervised](https://huggingface.co/lightonai/ColBERT-Zero-supervised),100%,0.11,0.149,128.0,8192.0,,,,,,,,,,45.78,
358,359,[voyage-4-large](https://blog.voyageai.com/2026/01/15/voyage-4/),100%,,,1024.0,32000.0,,,,,,,,,,56.08,
359,360,[voyage-4](https://blog.voyageai.com/2026/01/15/voyage-4/),100%,,,1024.0,32000.0,,,,,,,,,,55.24,
360,361,[opensearch-neural-sparse-encoding-doc-v3-distill](https://huggingface.co/opensearch-project/opensearch-neural-sparse-encoding-doc-v3-distill),100%,0.043,0.066,30522.0,512.0,,,,,,,,,,46.81,
361,362,[mxbai-embed-xsmall-v1](https://huggingface.co/mixedbread-ai/mxbai-embed-xsmall-v1),100%,0.012,0.024,384.0,512.0,,,,,,,,,,39.99,
362,363,[Cohere-embed-v4.0](https://docs.cohere.com/docs/cohere-embed),⚠️ NA,,,1536.0,128000.0,,,,,,,,,,49.42,
363,364,[Cohere-embed-v4.0 (output_dtype=int8)](https://docs.cohere.com/docs/embeddings),⚠️ NA,,,1536.0,128000.0,,,,,,,,,,49.24,
364,365,[voyage-4-lite](https://blog.voyageai.com/2026/01/15/voyage-4/),100%,,,1024.0,32000.0,,,,,,,,,,52.8,
365,366,[opensearch-neural-sparse-encoding-doc-v2-distill](https://huggingface.co/opensearch-project/opensearch-neural-sparse-encoding-doc-v2-distill),100%,0.043,0.066,30522.0,512.0,,,,,,,,,,45.01,
366,367,[Cohere-embed-v4.0 (output_dtype=binary)](https://docs.cohere.com/docs/embeddings),⚠️ NA,,,1536.0,128000.0,,,,,,,,,,48.19,
367,368,[opensearch-neural-sparse-encoding-doc-v2-mini](https://huggingface.co/opensearch-project/opensearch-neural-sparse-encoding-doc-v2-mini),100%,0.011,0.023,30522.0,512.0,,,,,,,,,,44.96,
368,369,[PawanEmbd-68M](https://huggingface.co/dmedhi/PawanEmbd-68M),96%,0.004,0.068,768.0,512.0,,,,63.19,,,,78.13,,,49.2
369,370,[PIXIE-Rune-v1.0](https://huggingface.co/telepix/PIXIE-Rune-v1.0),99%,0.312,0.568,1024.0,6144.0,,,,,,,,,,43.83,
370,371,[text2vec-base-chinese-paraphrase](https://huggingface.co/shibing624/text2vec-base-chinese-paraphrase),100%,0.087,0.118,768.0,512.0,,,,46.75,,,,54.05,,,
371,372,[m3e-small](https://huggingface.co/moka-ai/m3e-small),99%,0.013,0.024,512.0,512.0,,,,49.32,,,,46.65,,,
372,373,[M2V_multilingual_output](https://huggingface.co/minishlab/M2V_multilingual_output),⚠️ NA,0.0,0.128,256.0,,,,,,,,,,,14.16,
373,374,[pubmedbert-base-embeddings-2M](https://huggingface.co/NeuML/pubmedbert-base-embeddings-2M),100%,0.0,0.002,64.0,,,,,,35.39,,,,,36.57,
374,375,[pubmedbert-base-embeddings-1M](https://huggingface.co/NeuML/pubmedbert-base-embeddings-1M),100%,0.0,0.001,64.0,,,,,,35.07,,,,,37.32,
375,376,[pubmedbert-base-embeddings-8M](https://huggingface.co/NeuML/pubmedbert-base-embeddings-8M),100%,0.0,0.008,256.0,,,,,,34.61,,,,,39.84,
376,377,[pubmedbert-base-embeddings-500K](https://huggingface.co/NeuML/pubmedbert-base-embeddings-500K),100%,0.0,0.001,64.0,,,,,,34.25,,,,,35.37,
377,378,[Ops-MoA-Yuan-embedding-1.0](https://huggingface.co/OpenSearch-AI/Ops-MoA-Yuan-embedding-1.0),99%,0.322,0.343,1536.0,512.0,,,,,,,,,,93.2,
378,379,[Ops-MoA-Conan-embedding-v1](https://huggingface.co/OpenSearch-AI/Ops-MoA-Conan-embedding-v1),99%,0.322,0.343,1536.0,512.0,,,,,,,,,,92.66,
379,379,[ListConRanker](https://huggingface.co/ByteDance/ListConRanker),99%,,0.401,1024.0,512.0,,,,,,,,,69.15,,
380,381,[XYZ-embedding](https://huggingface.co/fangxq/XYZ-embedding),99%,0.304,0.326,768.0,512.0,,,,,,,,,,90.76,
381,382,[C2LLM-7B](https://huggingface.co/codefuse-ai/C2LLM-7B),99%,7.122,7.667,3584.0,32768.0,,,,,,,,,,94.85,
382,383,[Qodo-Embed-1-7B](https://huggingface.co/Qodo/Qodo-Embed-1-7B),⚠️ NA,6.526,7.069,3584.0,32768.0,,,,,,,,,,94.0,
383,384,[pubmedbert-base-embeddings-100K](https://huggingface.co/NeuML/pubmedbert-base-embeddings-100K),100%,0.0,0.0,64.0,,,,,,32.9,,,,,17.35,
384,385,[LateOn-Code](https://huggingface.co/lightonai/LateOn-Code),99%,0.11,0.149,128.0,8192.0,,,,,,,,,,93.42,
385,386,[Qodo-Embed-1-1.5B](https://huggingface.co/Qodo/Qodo-Embed-1-1.5B),⚠️ NA,1.31,1.543,1536.0,32768.0,,,,,,,,,,91.92,
386,387,[C2LLM-0.5B](https://huggingface.co/codefuse-ai/C2LLM-0.5B),99%,0.361,0.497,896.0,32768.0,,,,,,,,,,89.4,
387,388,[LateOn-Code-edge](https://huggingface.co/lightonai/LateOn-Code-edge),99%,0.004,0.017,48.0,7999.0,,,,,,,,,,85.63,
388,389,[LateOn-Code-pretrain](https://huggingface.co/lightonai/LateOn-Code-pretrain),100%,0.11,0.149,128.0,8192.0,,,,,,,,,,85.61,
389,390,[LateOn-Code-edge-pretrain](https://huggingface.co/lightonai/LateOn-Code-edge-pretrain),100%,0.004,0.017,48.0,7999.0,,,,,,,,,,74.63,
390,391,[BiCA-base](https://huggingface.co/bisectgroup/BiCA-base),100%,0.086,0.109,768.0,512.0,,,,,,,,,,22.01,
391,392,[english_code_retriever](https://huggingface.co/fyaronskiy/english_code_retriever),100%,0.11,0.149,768.0,8192.0,,,,,,,,,,56.53,
392,393,[colbertv2.0](https://huggingface.co/colbert-ir/colbertv2.0),100%,0.086,0.109,,180.0,,,,,,,,,,15.62,
